,hrs_node_id,node_name,daily_kgH2
30,32,I-405 & I-710,73961.54846580574
32,34,East LA,35823.12754644019
17,18,Hayward,26558.436572059953
16,17,San Jose,14126.992611007525
68,70,Oceanside,4763.726722371845
18,19,Stockton,3522.2021959809417
65,67,Lebec,2356.871762999794
42,44,Harris Ranch,2045.5935363579854
10,11,Vacaville,1032.7111387335126
49,51,Livingston,787.4318071956357
61,63,Earlimart,764.0936399419929
3,4,Woodland,335.5348387542297
70,72,Orland,189.81562046819968
