hrs_node_id,node_name,daily_kgH2
67,Lebec,6435.169655172412
21,I-5 & CA-152,4251.480000000004
3,Dunnigan,610.153103448276
